AARD,MSE,MAE,seed,SR output,Equation
3.786780538708577,0.0010540977137628472,0.025040942420496107,92444,"0.649",D_0*(0.649000000000000)